phc_id,medicine_id,quantity,ingestion_mode,timestamp
PHC-D01-02,MED-PAN-40,9,barcode_strip,2026-09-04 20:35:42
PHC-D01-04,MED-PAN-40,18,camera_scan,2026-09-17 04:58:42
PHC-D02-01,MED-ZINC-20,14,camera_scan,2026-07-29 01:42:42
PHC-D03-04,MED-AMOX-500,22,camera_scan,2026-08-11 19:57:42
PHC-D04-04,MED-SAL-2,21,manual_entry,2026-08-06 18:15:42
PHC-D04-01,MED-DOX-100,29,camera_scan,2026-08-17 23:31:42
PHC-D04-01,MED-PARA-650,31,camera_scan,2026-07-28 16:55:42
PHC-D03-04,MED-DERI-150,17,camera_scan,2026-09-09 14:01:42
PHC-D01-02,MED-DERI-150,19,camera_scan,2026-08-22 20:01:42
PHC-D05-02,MED-OND-4,25,manual_entry,2026-07-25 16:47:42
PHC-D03-04,MED-IBU-400,26,manual_entry,2026-08-08 12:07:42
PHC-D03-02,MED-IBU-400,9,camera_scan,2026-09-16 17:38:42
PHC-D02-02,MED-MAL-20,35,barcode_strip,2026-09-17 09:27:42
PHC-D05-04,MED-OND-4,23,manual_entry,2026-08-13 22:33:42
PHC-D04-04,MED-CHL-250,35,manual_entry,2026-09-22 18:59:42
PHC-D02-02,MED-DERI-150,24,barcode_strip,2026-08-01 11:38:42
PHC-D01-01,MED-ATOR-10,21,manual_entry,2026-08-06 14:43:42
PHC-D03-03,MED-SAL-2,27,barcode_strip,2026-07-31 07:56:42
PHC-D01-03,MED-ATOR-10,29,camera_scan,2026-09-02 13:05:42
PHC-D02-01,MED-TEL-40,18,barcode_strip,2026-08-31 20:46:42
PHC-D02-04,MED-AMOX-500,26,manual_entry,2026-08-13 09:14:42
PHC-D04-02,MED-SAL-2,32,camera_scan,2026-08-07 08:03:42
PHC-D03-01,MED-ZINC-20,21,camera_scan,2026-08-17 02:02:42
PHC-D01-02,MED-INSU-100,13,camera_scan,2026-08-27 16:00:42
PHC-D03-04,MED-DIC-50,13,barcode_strip,2026-09-18 14:06:42
PHC-D04-02,MED-DERI-150,33,camera_scan,2026-08-05 07:36:42
PHC-D04-02,MED-CHL-250,12,barcode_strip,2026-08-31 13:55:42
PHC-D03-03,MED-CIP-500,33,camera_scan,2026-08-05 05:43:42
PHC-D01-02,MED-ORS-75,38,manual_entry,2026-08-26 14:42:42
PHC-D05-01,MED-OND-4,21,camera_scan,2026-09-16 09:33:42
PHC-D02-02,MED-PARA-SYR,16,camera_scan,2026-08-06 12:46:42
PHC-D02-01,MED-MAL-20,10,camera_scan,2026-08-25 13:32:42
PHC-D01-03,MED-PAN-40,14,barcode_strip,2026-08-07 09:26:42
PHC-D03-01,MED-MET-400,22,camera_scan,2026-08-11 23:47:42
PHC-D05-04,MED-CEF-200,17,camera_scan,2026-09-13 16:34:42
PHC-D05-03,MED-ORS-75,40,manual_entry,2026-07-27 09:04:42
PHC-D02-03,MED-AML-5,26,manual_entry,2026-09-20 15:33:42
PHC-D04-01,MED-ATOR-10,25,camera_scan,2026-08-08 20:40:42
PHC-D03-01,MED-PARA-SYR,18,barcode_strip,2026-08-05 04:42:42
PHC-D04-04,MED-PARA-SYR,11,manual_entry,2026-09-06 11:46:42
PHC-D04-02,MED-ARV-05,34,camera_scan,2026-09-01 06:18:42
PHC-D04-02,MED-CHL-250,5,manual_entry,2026-08-01 17:54:42
PHC-D01-03,MED-INSU-100,8,camera_scan,2026-08-12 03:17:42
PHC-D03-04,MED-PAN-40,30,manual_entry,2026-08-12 00:57:42
PHC-D04-01,MED-MET-400,34,camera_scan,2026-09-06 09:01:42
PHC-D01-02,MED-IFA-100,18,camera_scan,2026-08-05 08:14:42
PHC-D02-03,MED-CHL-250,17,camera_scan,2026-09-02 18:37:42
PHC-D02-01,MED-ARV-05,33,barcode_strip,2026-09-18 11:42:42
PHC-D02-02,MED-TEL-40,25,camera_scan,2026-09-17 11:43:42
PHC-D02-01,MED-TT-05,27,manual_entry,2026-08-25 18:20:42
PHC-D04-02,MED-DIC-50,20,camera_scan,2026-09-15 05:29:42
PHC-D02-02,MED-ZINC-20,22,camera_scan,2026-08-21 19:20:42
PHC-D05-04,MED-IBU-400,27,manual_entry,2026-08-02 18:49:42
PHC-D01-02,MED-TT-05,27,camera_scan,2026-07-27 07:36:42
PHC-D03-03,MED-TT-05,9,barcode_strip,2026-09-01 01:15:42
PHC-D03-02,MED-DIC-50,21,barcode_strip,2026-07-31 00:17:42
PHC-D03-01,MED-PAN-40,8,camera_scan,2026-08-31 20:05:42
PHC-D05-04,MED-OND-4,18,camera_scan,2026-07-24 13:56:42
PHC-D04-02,MED-IBU-400,18,camera_scan,2026-08-17 09:26:42
PHC-D03-03,MED-CHL-250,34,barcode_strip,2026-09-04 05:14:42
PHC-D01-04,MED-ARV-05,6,camera_scan,2026-08-19 03:12:42
PHC-D04-01,MED-CEF-200,30,manual_entry,2026-08-18 01:23:42
PHC-D01-04,MED-ORS-75,43,camera_scan,2026-08-17 01:28:42
PHC-D02-02,MED-ORS-75,25,manual_entry,2026-08-31 19:42:42
PHC-D04-03,MED-IFA-100,10,barcode_strip,2026-08-04 13:36:42
PHC-D03-02,MED-TEL-40,15,camera_scan,2026-08-15 06:39:42
PHC-D03-03,MED-AML-5,18,camera_scan,2026-08-31 05:54:42
PHC-D02-04,MED-AML-5,35,manual_entry,2026-08-05 02:46:42
PHC-D01-01,MED-IFA-100,13,camera_scan,2026-08-13 23:25:42
PHC-D03-03,MED-ATOR-10,21,barcode_strip,2026-09-04 13:37:42
PHC-D01-03,MED-ZINC-20,22,barcode_strip,2026-07-25 20:10:42
PHC-D03-01,MED-ATOR-10,30,camera_scan,2026-08-21 17:36:42
PHC-D02-02,MED-ARV-05,19,camera_scan,2026-08-10 03:51:42
PHC-D05-02,MED-DERI-150,6,camera_scan,2026-09-12 00:20:42
PHC-D01-03,MED-AMOX-500,60,camera_scan,2026-09-07 09:09:42
PHC-D02-03,MED-METF-500,24,camera_scan,2026-08-08 06:02:42
PHC-D03-02,MED-TT-05,16,manual_entry,2026-08-27 23:10:42
PHC-D01-03,MED-DIC-50,12,camera_scan,2026-08-05 18:00:42
PHC-D02-01,MED-SAL-2,6,barcode_strip,2026-09-11 15:22:42
PHC-D01-04,MED-ZINC-20,25,manual_entry,2026-08-13 14:56:42
PHC-D02-04,MED-AMOX-500,19,manual_entry,2026-08-04 11:21:42
PHC-D03-04,MED-ARV-05,33,camera_scan,2026-09-02 17:12:42
PHC-D04-02,MED-DERI-150,30,manual_entry,2026-08-12 19:32:42
PHC-D05-03,MED-PARA-SYR,11,camera_scan,2026-09-19 19:10:42
PHC-D02-01,MED-ORS-75,24,camera_scan,2026-08-09 17:20:42
PHC-D03-01,MED-CHL-250,19,barcode_strip,2026-09-07 15:39:42
PHC-D03-02,MED-TT-05,12,barcode_strip,2026-09-11 05:49:42
PHC-D03-02,MED-SAL-2,30,camera_scan,2026-09-11 06:16:42
PHC-D03-01,MED-PARA-SYR,35,camera_scan,2026-09-04 02:53:42
PHC-D01-03,MED-PAN-40,30,camera_scan,2026-07-25 04:42:42
PHC-D02-04,MED-AMOX-500,26,camera_scan,2026-08-12 02:18:42
PHC-D04-03,MED-ARV-05,12,camera_scan,2026-08-02 07:16:42
PHC-D01-03,MED-AMOX-500,25,camera_scan,2026-08-16 22:17:42
PHC-D05-02,MED-INSU-100,29,camera_scan,2026-09-16 11:19:42
PHC-D01-02,MED-PARA-650,18,manual_entry,2026-08-05 20:50:42
PHC-D02-01,MED-METF-500,5,camera_scan,2026-09-08 15:18:42
PHC-D05-03,MED-DOX-100,18,barcode_strip,2026-08-29 03:23:42
PHC-D03-03,MED-ARV-05,32,manual_entry,2026-08-28 17:37:42
PHC-D01-03,MED-DOX-100,34,barcode_strip,2026-08-22 22:51:42
PHC-D03-02,MED-CEF-200,17,camera_scan,2026-09-22 04:51:42
PHC-D05-01,MED-AML-5,6,manual_entry,2026-09-15 21:38:42
PHC-D04-02,MED-PARA-650,28,camera_scan,2026-08-06 09:56:42
PHC-D02-02,MED-OND-4,34,camera_scan,2026-08-17 04:43:42
PHC-D05-04,MED-CHL-250,14,camera_scan,2026-09-12 23:42:42
PHC-D02-03,MED-DOX-100,33,barcode_strip,2026-09-10 15:43:42
PHC-D01-01,MED-IFA-100,19,camera_scan,2026-09-01 12:44:42
PHC-D01-01,MED-DIC-50,27,camera_scan,2026-07-29 11:28:42
PHC-D02-02,MED-PAN-40,12,manual_entry,2026-07-29 00:53:42
PHC-D03-04,MED-ALB-400,26,barcode_strip,2026-07-28 14:14:42
PHC-D01-04,MED-ALB-400,33,manual_entry,2026-09-07 11:09:42
PHC-D03-01,MED-AZI-500,5,camera_scan,2026-09-10 05:08:42
PHC-D04-04,MED-PAN-40,19,camera_scan,2026-08-14 17:46:42
PHC-D05-02,MED-TT-05,17,barcode_strip,2026-08-19 12:41:42
PHC-D02-03,MED-PARA-650,8,manual_entry,2026-07-26 03:41:42
PHC-D03-04,MED-DERI-150,33,barcode_strip,2026-08-16 15:01:42
PHC-D02-02,MED-MET-400,14,barcode_strip,2026-07-24 15:57:42
PHC-D05-04,MED-ATOR-10,8,manual_entry,2026-08-11 20:46:42
PHC-D05-02,MED-OXY-10,9,camera_scan,2026-08-10 05:53:42
PHC-D03-01,MED-ALB-400,33,barcode_strip,2026-08-07 02:47:42
PHC-D01-04,MED-OND-4,15,camera_scan,2026-09-14 10:00:42
PHC-D02-01,MED-MET-400,25,barcode_strip,2026-07-25 19:40:42
PHC-D05-02,MED-ARV-05,9,camera_scan,2026-08-23 22:23:42
PHC-D01-02,MED-TT-05,20,barcode_strip,2026-08-12 22:10:42
PHC-D05-03,MED-SAL-2,31,camera_scan,2026-09-01 09:35:42
PHC-D03-03,MED-PARA-650,13,camera_scan,2026-08-18 10:25:42
PHC-D02-03,MED-IFA-100,27,camera_scan,2026-09-08 00:40:42
PHC-D05-02,MED-PAN-40,31,camera_scan,2026-08-25 18:03:42
PHC-D04-02,MED-OXY-10,12,camera_scan,2026-09-12 07:11:42
PHC-D05-02,MED-OXY-10,17,camera_scan,2026-08-09 11:57:42
PHC-D01-01,MED-CHL-250,28,camera_scan,2026-08-17 13:36:42
PHC-D04-01,MED-OND-4,28,manual_entry,2026-08-02 19:00:42
PHC-D04-02,MED-MET-400,11,camera_scan,2026-09-14 13:21:42
PHC-D01-04,MED-DOX-100,10,camera_scan,2026-08-12 01:50:42
PHC-D02-03,MED-PARA-SYR,30,manual_entry,2026-09-03 14:27:42
PHC-D02-02,MED-CEF-200,35,camera_scan,2026-08-30 14:26:42
PHC-D05-02,MED-CIP-500,11,manual_entry,2026-07-31 02:35:42
PHC-D02-03,MED-ARV-05,21,manual_entry,2026-09-04 08:04:42
PHC-D05-04,MED-PARA-650,14,camera_scan,2026-08-28 19:08:42
PHC-D03-02,MED-TT-05,16,camera_scan,2026-08-12 09:20:42
PHC-D03-03,MED-CIP-500,21,barcode_strip,2026-08-01 08:47:42
PHC-D01-03,MED-ALB-400,16,manual_entry,2026-08-25 09:07:42
PHC-D01-01,MED-DIC-50,24,barcode_strip,2026-07-31 10:30:42
PHC-D02-01,MED-PARA-SYR,23,barcode_strip,2026-08-14 04:04:42
PHC-D03-04,MED-TEL-40,14,barcode_strip,2026-08-06 21:53:42
PHC-D01-03,MED-IFA-100,25,camera_scan,2026-08-06 21:39:42
PHC-D02-04,MED-OXY-10,22,camera_scan,2026-09-01 15:49:42
PHC-D02-01,MED-IBU-400,35,camera_scan,2026-09-06 04:04:42
PHC-D04-03,MED-CIP-500,21,camera_scan,2026-08-19 16:32:42
PHC-D03-03,MED-INSU-100,19,camera_scan,2026-09-02 17:11:42
PHC-D04-01,MED-ORS-75,56,camera_scan,2026-07-29 10:57:42
PHC-D02-01,MED-METF-500,32,manual_entry,2026-08-31 09:58:42
PHC-D04-03,MED-IBU-400,8,camera_scan,2026-08-31 08:49:42
PHC-D05-01,MED-PAN-40,8,camera_scan,2026-09-21 04:47:42
PHC-D03-03,MED-OXY-10,10,barcode_strip,2026-08-28 00:06:42
PHC-D03-04,MED-MAL-20,18,barcode_strip,2026-08-18 17:29:42
PHC-D02-04,MED-TEL-40,32,camera_scan,2026-08-27 07:19:42
PHC-D04-01,MED-SAL-2,7,manual_entry,2026-07-28 16:45:42
PHC-D02-02,MED-DERI-150,26,barcode_strip,2026-09-03 08:25:42
PHC-D05-03,MED-ZINC-20,18,camera_scan,2026-08-23 04:11:42
PHC-D01-03,MED-AML-5,12,barcode_strip,2026-08-15 19:18:42
PHC-D04-04,MED-CHL-250,35,barcode_strip,2026-09-08 00:32:42
PHC-D05-04,MED-AZI-500,16,camera_scan,2026-09-11 06:51:42
PHC-D02-01,MED-AML-5,6,camera_scan,2026-09-19 14:18:42
PHC-D05-02,MED-TEL-40,29,camera_scan,2026-08-21 22:41:42
PHC-D03-03,MED-MAL-20,19,manual_entry,2026-07-26 03:39:42
PHC-D03-01,MED-TEL-40,11,manual_entry,2026-08-10 12:29:42
PHC-D05-04,MED-AMOX-500,44,manual_entry,2026-07-25 18:39:42
PHC-D04-02,MED-DIC-50,24,camera_scan,2026-07-27 07:53:42
PHC-D01-02,MED-AZI-500,35,camera_scan,2026-09-11 11:28:42
PHC-D01-01,MED-AZI-500,33,camera_scan,2026-09-14 00:41:42
PHC-D02-02,MED-DIC-50,34,camera_scan,2026-08-18 09:54:42
PHC-D01-01,MED-IFA-100,6,manual_entry,2026-08-14 18:23:42
PHC-D01-03,MED-INSU-100,9,manual_entry,2026-09-11 05:42:42
PHC-D03-01,MED-OND-4,9,barcode_strip,2026-08-28 07:18:42
PHC-D05-02,MED-DOX-100,18,camera_scan,2026-08-07 08:00:42
PHC-D05-01,MED-AZI-500,5,barcode_strip,2026-09-02 10:51:42
PHC-D05-01,MED-AMOX-500,51,camera_scan,2026-08-09 09:08:42
PHC-D05-04,MED-TEL-40,23,camera_scan,2026-08-20 10:17:42
PHC-D05-04,MED-DIC-50,12,camera_scan,2026-09-10 04:49:42
PHC-D04-03,MED-OND-4,29,barcode_strip,2026-08-22 15:10:42
PHC-D02-02,MED-DERI-150,13,barcode_strip,2026-08-10 06:44:42
PHC-D03-04,MED-ATOR-10,22,camera_scan,2026-08-22 18:02:42
PHC-D02-03,MED-PAN-40,25,barcode_strip,2026-08-16 09:20:42
PHC-D02-03,MED-AZI-500,28,camera_scan,2026-08-29 09:59:42
PHC-D03-01,MED-ZINC-20,6,barcode_strip,2026-09-02 18:28:42
PHC-D03-04,MED-OXY-10,7,barcode_strip,2026-08-19 06:50:42
PHC-D03-02,MED-TEL-40,5,camera_scan,2026-09-08 10:04:42
PHC-D03-02,MED-ARV-05,28,camera_scan,2026-09-22 19:35:42
PHC-D02-02,MED-IBU-400,14,camera_scan,2026-09-17 04:20:42
PHC-D04-03,MED-PARA-650,32,camera_scan,2026-09-03 01:23:42
PHC-D01-02,MED-TEL-40,17,camera_scan,2026-08-07 01:31:42
PHC-D05-01,MED-TT-05,21,camera_scan,2026-09-03 23:29:42
PHC-D01-03,MED-ALB-400,28,camera_scan,2026-07-28 10:05:42
PHC-D04-02,MED-MET-400,11,camera_scan,2026-09-16 23:40:42
PHC-D01-03,MED-CIP-500,20,camera_scan,2026-09-14 13:31:42
PHC-D03-03,MED-AML-5,22,camera_scan,2026-08-27 03:10:42
PHC-D03-03,MED-TEL-40,14,barcode_strip,2026-09-04 06:00:42
PHC-D03-02,MED-TEL-40,12,camera_scan,2026-07-25 07:21:42
PHC-D03-02,MED-DIC-50,17,barcode_strip,2026-08-27 02:20:42
PHC-D02-01,MED-TEL-40,7,barcode_strip,2026-09-04 10:05:42
PHC-D03-02,MED-TEL-40,34,camera_scan,2026-08-01 09:20:42
PHC-D04-01,MED-DOX-100,7,camera_scan,2026-07-31 18:39:42
PHC-D02-01,MED-IBU-400,22,camera_scan,2026-08-13 11:10:42
PHC-D03-02,MED-DERI-150,7,camera_scan,2026-08-09 15:14:42
PHC-D04-01,MED-PARA-SYR,17,barcode_strip,2026-08-22 08:42:42
PHC-D03-04,MED-ALB-400,7,camera_scan,2026-08-03 03:36:42
PHC-D01-03,MED-SAL-2,11,manual_entry,2026-08-16 18:57:42
PHC-D05-03,MED-ORS-75,25,barcode_strip,2026-09-03 09:29:42
PHC-D02-04,MED-METF-500,22,camera_scan,2026-08-09 21:16:42
PHC-D03-03,MED-OND-4,14,barcode_strip,2026-09-17 16:17:42
PHC-D05-01,MED-TT-05,30,camera_scan,2026-09-14 19:00:42
PHC-D05-04,MED-TEL-40,24,manual_entry,2026-08-09 18:38:42
PHC-D02-01,MED-AMOX-500,21,manual_entry,2026-07-28 05:23:42
PHC-D04-02,MED-ARV-05,11,camera_scan,2026-08-25 15:55:42
PHC-D04-04,MED-CHL-250,18,camera_scan,2026-08-11 02:26:42
PHC-D01-02,MED-OND-4,11,barcode_strip,2026-08-25 10:36:42
PHC-D01-04,MED-AZI-500,6,camera_scan,2026-07-29 22:33:42
PHC-D05-02,MED-OXY-10,5,camera_scan,2026-09-14 01:10:42
PHC-D03-04,MED-MAL-20,6,barcode_strip,2026-09-20 01:48:42
PHC-D05-04,MED-SAL-2,33,camera_scan,2026-08-09 04:42:42
PHC-D05-03,MED-DIC-50,23,camera_scan,2026-07-30 03:04:42
PHC-D04-02,MED-IFA-100,28,manual_entry,2026-08-30 20:00:42
PHC-D05-04,MED-METF-500,22,camera_scan,2026-08-22 20:20:42
PHC-D01-04,MED-PARA-650,34,manual_entry,2026-07-25 09:08:42
PHC-D03-02,MED-ALB-400,12,barcode_strip,2026-09-13 05:37:42
PHC-D02-01,MED-METF-500,34,barcode_strip,2026-08-29 18:53:42
PHC-D01-01,MED-AML-5,27,camera_scan,2026-09-08 06:20:42
PHC-D05-02,MED-AML-5,26,barcode_strip,2026-07-31 10:21:42
PHC-D05-03,MED-AZI-500,32,camera_scan,2026-09-22 04:37:42
PHC-D02-01,MED-DIC-50,17,camera_scan,2026-07-27 19:54:42
PHC-D03-01,MED-AZI-500,20,camera_scan,2026-08-02 12:21:42
PHC-D02-03,MED-CEF-200,9,barcode_strip,2026-08-19 16:26:42
PHC-D04-01,MED-IFA-100,33,manual_entry,2026-08-05 15:58:42
PHC-D04-04,MED-AZI-500,23,barcode_strip,2026-08-11 08:26:42
PHC-D05-04,MED-CHL-250,20,manual_entry,2026-09-18 00:53:42
PHC-D05-03,MED-ORS-75,53,camera_scan,2026-08-02 10:51:42
PHC-D02-01,MED-AML-5,34,camera_scan,2026-08-08 05:09:42
PHC-D01-03,MED-AMOX-500,21,manual_entry,2026-08-05 10:04:42
PHC-D05-04,MED-DIC-50,18,camera_scan,2026-08-19 12:33:42
PHC-D04-01,MED-DOX-100,29,camera_scan,2026-08-15 15:23:42
PHC-D02-03,MED-DIC-50,5,manual_entry,2026-08-12 08:10:42
PHC-D02-01,MED-TT-05,10,camera_scan,2026-08-04 11:55:42
PHC-D03-03,MED-ORS-75,24,barcode_strip,2026-08-11 23:34:42
PHC-D01-02,MED-DOX-100,12,camera_scan,2026-09-14 03:36:42
PHC-D01-03,MED-INSU-100,19,camera_scan,2026-08-22 16:19:42
PHC-D05-03,MED-OXY-10,26,barcode_strip,2026-07-31 18:57:42
PHC-D04-03,MED-PARA-650,6,camera_scan,2026-08-13 17:18:42
PHC-D04-04,MED-IFA-100,31,camera_scan,2026-08-11 17:34:42
PHC-D04-01,MED-AML-5,25,manual_entry,2026-08-27 14:44:42
PHC-D01-04,MED-DERI-150,26,camera_scan,2026-09-02 12:23:42
PHC-D01-02,MED-ALB-400,21,manual_entry,2026-09-07 08:07:42
PHC-D02-01,MED-METF-500,20,camera_scan,2026-07-30 06:15:42
PHC-D04-03,MED-MAL-20,9,manual_entry,2026-09-03 04:51:42
PHC-D03-04,MED-IBU-400,28,camera_scan,2026-08-11 17:56:42
PHC-D03-02,MED-OND-4,13,barcode_strip,2026-09-16 21:51:42
PHC-D02-04,MED-IBU-400,31,barcode_strip,2026-08-09 20:10:42
PHC-D03-02,MED-DERI-150,5,barcode_strip,2026-09-02 05:03:42
PHC-D05-03,MED-DOX-100,7,manual_entry,2026-09-18 20:33:42
PHC-D05-01,MED-INSU-100,19,camera_scan,2026-09-16 23:38:42
PHC-D02-02,MED-PAN-40,20,manual_entry,2026-09-09 22:35:42
PHC-D01-03,MED-ALB-400,12,barcode_strip,2026-08-28 05:31:42
PHC-D03-01,MED-ALB-400,6,camera_scan,2026-08-28 13:26:42
PHC-D04-03,MED-DIC-50,22,manual_entry,2026-08-17 21:32:42
PHC-D04-02,MED-TEL-40,34,camera_scan,2026-08-26 08:28:42
PHC-D04-01,MED-DOX-100,11,barcode_strip,2026-08-27 19:53:42
PHC-D05-02,MED-PARA-SYR,10,camera_scan,2026-07-31 21:59:42
PHC-D02-03,MED-PAN-40,25,barcode_strip,2026-09-09 12:06:42
PHC-D01-03,MED-IFA-100,7,barcode_strip,2026-08-05 19:05:42
PHC-D04-02,MED-CHL-250,15,manual_entry,2026-08-15 19:52:42
PHC-D04-02,MED-INSU-100,16,barcode_strip,2026-08-22 01:42:42
PHC-D03-04,MED-IFA-100,7,camera_scan,2026-07-26 07:49:42
PHC-D04-04,MED-IFA-100,28,manual_entry,2026-09-18 15:59:42
PHC-D05-04,MED-CIP-500,10,barcode_strip,2026-07-30 14:09:42
PHC-D05-01,MED-ZINC-20,18,camera_scan,2026-09-19 23:18:42
PHC-D04-02,MED-PARA-650,15,manual_entry,2026-07-27 10:55:42
PHC-D03-02,MED-ATOR-10,21,camera_scan,2026-09-17 19:38:42
PHC-D02-02,MED-SAL-2,6,barcode_strip,2026-09-07 00:23:42
PHC-D02-02,MED-INSU-100,35,camera_scan,2026-08-07 18:23:42
PHC-D01-03,MED-ATOR-10,34,manual_entry,2026-08-12 02:27:42
PHC-D01-03,MED-PARA-650,25,manual_entry,2026-08-16 18:27:42
PHC-D05-01,MED-OXY-10,30,camera_scan,2026-08-25 12:11:42
PHC-D03-02,MED-ALB-400,22,manual_entry,2026-08-22 11:50:42
PHC-D05-01,MED-INSU-100,34,camera_scan,2026-08-30 07:14:42
PHC-D03-02,MED-ALB-400,12,camera_scan,2026-08-20 03:48:42
PHC-D03-04,MED-ATOR-10,11,camera_scan,2026-09-07 00:10:42
PHC-D01-02,MED-IFA-100,25,camera_scan,2026-08-20 09:04:42
PHC-D04-02,MED-ORS-75,44,barcode_strip,2026-08-04 15:18:42
PHC-D05-03,MED-TEL-40,12,camera_scan,2026-08-20 19:09:42
PHC-D03-03,MED-PARA-650,8,camera_scan,2026-09-06 11:38:42
PHC-D04-01,MED-DOX-100,8,camera_scan,2026-09-03 21:41:42
PHC-D03-04,MED-MAL-20,5,camera_scan,2026-07-28 18:31:42
PHC-D05-03,MED-PAN-40,24,camera_scan,2026-09-12 04:31:42
PHC-D05-03,MED-CEF-200,6,camera_scan,2026-09-13 18:18:42
PHC-D03-04,MED-ATOR-10,18,camera_scan,2026-08-06 22:03:42
PHC-D03-03,MED-ARV-05,34,barcode_strip,2026-09-08 11:35:42
PHC-D05-01,MED-INSU-100,6,manual_entry,2026-09-17 12:47:42
PHC-D02-01,MED-AML-5,21,barcode_strip,2026-09-06 21:42:42
PHC-D01-04,MED-ORS-75,51,camera_scan,2026-07-24 21:36:42
PHC-D04-01,MED-AZI-500,25,camera_scan,2026-09-01 22:47:42
PHC-D02-03,MED-PAN-40,27,camera_scan,2026-08-10 17:03:42
