phc_id,medicine_id,current_stock,safety_threshold,avg_daily_consumption,batch_number,expiry_date
PHC-D01-01,MED-ALB-400,2500,200,60.0,BAT-2026-790,2028-10-28
PHC-D01-01,MED-AML-5,3200,200,59.1,BAT-2026-508,2027-10-28
PHC-D01-01,MED-AMOX-500,80,200,23.7,BAT-2026-735,2028-07-28
PHC-D01-01,MED-ARV-05,3200,200,27.6,BAT-2026-419,2027-12-28
PHC-D01-01,MED-ATOR-10,80,200,34.1,BAT-2026-919,2027-06-28
PHC-D01-01,MED-AZI-500,50,200,23.5,BAT-2026-528,2028-10-28
PHC-D01-01,MED-CEF-200,1500,200,44.0,BAT-2026-554,2027-01-28
PHC-D01-01,MED-CHL-250,120,200,31.7,BAT-2026-191,2028-09-28
PHC-D01-01,MED-CIP-500,120,200,59.3,BAT-2026-659,2028-11-28
PHC-D01-01,MED-DERI-150,80,200,36.6,BAT-2026-238,2028-06-28
PHC-D01-01,MED-DIC-50,50,200,30.8,BAT-2026-423,2027-05-28
PHC-D01-01,MED-DOX-100,1500,200,53.0,BAT-2026-589,2027-11-28
PHC-D01-01,MED-IBU-400,120,200,28.4,BAT-2026-135,2028-07-28
PHC-D01-01,MED-IFA-100,120,200,55.7,BAT-2026-895,2028-05-28
PHC-D01-01,MED-INSU-100,2500,200,15.1,BAT-2026-772,2027-02-28
PHC-D01-01,MED-MAL-20,2500,200,15.3,BAT-2026-782,2028-03-28
PHC-D01-01,MED-MET-400,3200,200,62.5,BAT-2026-169,2027-09-28
PHC-D01-01,MED-METF-500,2500,200,55.0,BAT-2026-544,2027-08-28
PHC-D01-01,MED-OND-4,3200,200,45.5,BAT-2026-605,2027-10-28
PHC-D01-01,MED-ORS-75,1500,200,54.6,BAT-2026-522,2028-12-28
PHC-D01-01,MED-OXY-10,800,200,57.1,BAT-2026-654,2028-09-28
PHC-D01-01,MED-PAN-40,80,200,32.4,BAT-2026-602,2027-11-28
PHC-D01-01,MED-PARA-650,1500,200,49.2,BAT-2026-724,2027-09-28
PHC-D01-01,MED-PARA-SYR,1500,200,39.0,BAT-2026-262,2027-02-28
PHC-D01-01,MED-SAL-2,120,200,29.5,BAT-2026-450,2027-09-28
PHC-D01-01,MED-TEL-40,80,200,55.9,BAT-2026-343,2028-10-28
PHC-D01-01,MED-TT-05,2500,200,16.1,BAT-2026-882,2027-08-28
PHC-D01-01,MED-ZINC-20,120,200,43.5,BAT-2026-570,2028-09-28
PHC-D01-02,MED-ALB-400,120,200,42.4,BAT-2026-633,2027-10-28
PHC-D01-02,MED-AML-5,80,200,26.7,BAT-2026-193,2027-02-28
PHC-D01-02,MED-AMOX-500,3200,200,34.8,BAT-2026-104,2028-08-28
PHC-D01-02,MED-ARV-05,80,200,25.0,BAT-2026-554,2027-09-28
PHC-D01-02,MED-ATOR-10,800,200,53.6,BAT-2026-226,2027-01-28
PHC-D01-02,MED-AZI-500,3200,200,25.8,BAT-2026-399,2027-05-28
PHC-D01-02,MED-CEF-200,80,200,53.9,BAT-2026-661,2027-06-28
PHC-D01-02,MED-CHL-250,50,200,60.9,BAT-2026-246,2028-02-28
PHC-D01-02,MED-CIP-500,50,200,47.5,BAT-2026-100,2027-03-28
PHC-D01-02,MED-DERI-150,120,200,62.3,BAT-2026-294,2028-07-28
PHC-D01-02,MED-DIC-50,50,200,35.2,BAT-2026-161,2028-05-28
PHC-D01-02,MED-DOX-100,120,200,50.8,BAT-2026-410,2028-07-28
PHC-D01-02,MED-IBU-400,50,200,59.9,BAT-2026-665,2028-08-28
PHC-D01-02,MED-IFA-100,1500,200,46.9,BAT-2026-284,2028-08-28
PHC-D01-02,MED-INSU-100,3200,200,31.9,BAT-2026-649,2028-03-28
PHC-D01-02,MED-MAL-20,80,200,15.1,BAT-2026-341,2027-01-28
PHC-D01-02,MED-MET-400,1500,200,53.0,BAT-2026-857,2028-04-28
PHC-D01-02,MED-METF-500,120,200,46.1,BAT-2026-765,2028-01-28
PHC-D01-02,MED-OND-4,2500,200,47.3,BAT-2026-935,2027-10-28
PHC-D01-02,MED-ORS-75,120,200,49.6,BAT-2026-605,2027-09-28
PHC-D01-02,MED-OXY-10,80,200,38.2,BAT-2026-502,2028-05-28
PHC-D01-02,MED-PAN-40,80,200,50.6,BAT-2026-360,2028-02-28
PHC-D01-02,MED-PARA-650,120,200,44.0,BAT-2026-340,2027-09-28
PHC-D01-02,MED-PARA-SYR,120,200,37.8,BAT-2026-406,2028-04-28
PHC-D01-02,MED-SAL-2,1500,200,44.4,BAT-2026-336,2028-08-28
PHC-D01-02,MED-TEL-40,120,200,33.2,BAT-2026-339,2027-05-28
PHC-D01-02,MED-TT-05,3200,200,64.7,BAT-2026-699,2027-04-28
PHC-D01-02,MED-ZINC-20,3200,200,61.3,BAT-2026-813,2027-10-28
PHC-D01-03,MED-ALB-400,2500,200,64.5,BAT-2026-854,2028-03-28
PHC-D01-03,MED-AML-5,2500,200,29.0,BAT-2026-228,2028-06-28
PHC-D01-03,MED-AMOX-500,2500,200,45.2,BAT-2026-691,2027-02-28
PHC-D01-03,MED-ARV-05,1500,200,51.5,BAT-2026-866,2028-08-28
PHC-D01-03,MED-ATOR-10,50,200,15.9,BAT-2026-788,2027-05-28
PHC-D01-03,MED-AZI-500,3200,200,55.3,BAT-2026-664,2027-04-28
PHC-D01-03,MED-CEF-200,3200,200,56.4,BAT-2026-623,2027-08-28
PHC-D01-03,MED-CHL-250,2500,200,15.2,BAT-2026-161,2027-06-28
PHC-D01-03,MED-CIP-500,120,200,15.3,BAT-2026-556,2028-02-28
PHC-D01-03,MED-DERI-150,50,200,52.5,BAT-2026-374,2027-05-28
PHC-D01-03,MED-DIC-50,80,200,53.6,BAT-2026-923,2027-01-28
PHC-D01-03,MED-DOX-100,80,200,64.4,BAT-2026-431,2028-01-28
PHC-D01-03,MED-IBU-400,120,200,57.3,BAT-2026-956,2028-05-28
PHC-D01-03,MED-IFA-100,3200,200,46.2,BAT-2026-475,2028-03-28
PHC-D01-03,MED-INSU-100,1500,200,16.6,BAT-2026-894,2027-05-28
PHC-D01-03,MED-MAL-20,50,200,44.2,BAT-2026-798,2028-11-28
PHC-D01-03,MED-MET-400,80,200,62.5,BAT-2026-906,2028-05-28
PHC-D01-03,MED-METF-500,800,200,45.7,BAT-2026-106,2027-01-28
PHC-D01-03,MED-OND-4,80,200,37.9,BAT-2026-897,2028-11-28
PHC-D01-03,MED-ORS-75,80,200,42.5,BAT-2026-285,2028-03-28
PHC-D01-03,MED-OXY-10,2500,200,45.4,BAT-2026-571,2028-12-28
PHC-D01-03,MED-PAN-40,120,200,30.7,BAT-2026-250,2028-03-28
PHC-D01-03,MED-PARA-650,50,200,32.4,BAT-2026-408,2028-01-28
PHC-D01-03,MED-PARA-SYR,800,200,45.7,BAT-2026-112,2027-03-28
PHC-D01-03,MED-SAL-2,2500,200,26.8,BAT-2026-966,2028-07-28
PHC-D01-03,MED-TEL-40,120,200,44.9,BAT-2026-451,2028-01-28
PHC-D01-03,MED-TT-05,80,200,63.6,BAT-2026-183,2027-02-28
PHC-D01-03,MED-ZINC-20,120,200,46.2,BAT-2026-975,2027-12-28
PHC-D01-04,MED-ALB-400,3200,200,53.5,BAT-2026-986,2028-03-28
PHC-D01-04,MED-AML-5,3200,200,23.1,BAT-2026-904,2028-12-28
PHC-D01-04,MED-AMOX-500,800,200,32.1,BAT-2026-698,2028-09-28
PHC-D01-04,MED-ARV-05,120,200,18.2,BAT-2026-440,2027-02-28
PHC-D01-04,MED-ATOR-10,2500,200,47.2,BAT-2026-445,2027-12-28
PHC-D01-04,MED-AZI-500,50,200,29.8,BAT-2026-715,2027-10-28
PHC-D01-04,MED-CEF-200,1500,200,51.6,BAT-2026-771,2028-10-28
PHC-D01-04,MED-CHL-250,1500,200,21.4,BAT-2026-581,2027-04-28
PHC-D01-04,MED-CIP-500,80,200,45.9,BAT-2026-982,2027-01-28
PHC-D01-04,MED-DERI-150,2500,200,36.4,BAT-2026-855,2027-05-28
PHC-D01-04,MED-DIC-50,1500,200,24.6,BAT-2026-854,2027-01-28
PHC-D01-04,MED-DOX-100,800,200,57.4,BAT-2026-601,2028-01-28
PHC-D01-04,MED-IBU-400,3200,200,47.3,BAT-2026-489,2027-12-28
PHC-D01-04,MED-IFA-100,120,200,64.7,BAT-2026-409,2027-03-28
PHC-D01-04,MED-INSU-100,2500,200,26.0,BAT-2026-324,2028-04-28
PHC-D01-04,MED-MAL-20,3200,200,39.9,BAT-2026-286,2027-04-28
PHC-D01-04,MED-MET-400,120,200,18.3,BAT-2026-666,2028-04-28
PHC-D01-04,MED-METF-500,2500,200,15.6,BAT-2026-637,2027-12-28
PHC-D01-04,MED-OND-4,3200,200,58.0,BAT-2026-482,2028-07-28
PHC-D01-04,MED-ORS-75,3200,200,22.9,BAT-2026-355,2028-01-28
PHC-D01-04,MED-OXY-10,2500,200,20.3,BAT-2026-683,2028-05-28
PHC-D01-04,MED-PAN-40,120,200,29.1,BAT-2026-150,2027-06-28
PHC-D01-04,MED-PARA-650,2500,200,49.0,BAT-2026-282,2027-05-28
PHC-D01-04,MED-PARA-SYR,1500,200,54.9,BAT-2026-558,2027-05-28
PHC-D01-04,MED-SAL-2,120,200,45.8,BAT-2026-890,2027-04-28
PHC-D01-04,MED-TEL-40,80,200,31.1,BAT-2026-362,2028-12-28
PHC-D01-04,MED-TT-05,800,200,15.5,BAT-2026-650,2027-06-28
PHC-D01-04,MED-ZINC-20,50,200,43.4,BAT-2026-576,2028-08-28
PHC-D02-01,MED-ALB-400,1500,200,16.0,BAT-2026-156,2028-08-28
PHC-D02-01,MED-AML-5,1500,200,36.4,BAT-2026-453,2027-01-28
PHC-D02-01,MED-AMOX-500,50,200,42.5,BAT-2026-940,2028-02-28
PHC-D02-01,MED-ARV-05,1500,200,35.3,BAT-2026-327,2028-08-28
PHC-D02-01,MED-ATOR-10,80,200,36.2,BAT-2026-777,2028-02-28
PHC-D02-01,MED-AZI-500,800,200,39.2,BAT-2026-169,2028-08-28
PHC-D02-01,MED-CEF-200,1500,200,63.8,BAT-2026-936,2027-03-28
PHC-D02-01,MED-CHL-250,120,200,29.4,BAT-2026-687,2028-11-28
PHC-D02-01,MED-CIP-500,3200,200,28.1,BAT-2026-719,2027-03-28
PHC-D02-01,MED-DERI-150,1500,200,26.2,BAT-2026-539,2027-04-28
PHC-D02-01,MED-DIC-50,2500,200,58.4,BAT-2026-743,2027-05-28
PHC-D02-01,MED-DOX-100,120,200,53.5,BAT-2026-770,2028-07-28
PHC-D02-01,MED-IBU-400,3200,200,22.6,BAT-2026-681,2028-12-28
PHC-D02-01,MED-IFA-100,2500,200,17.4,BAT-2026-364,2028-08-28
PHC-D02-01,MED-INSU-100,3200,200,60.4,BAT-2026-888,2027-02-28
PHC-D02-01,MED-MAL-20,3200,200,17.7,BAT-2026-249,2028-03-28
PHC-D02-01,MED-MET-400,1500,200,34.0,BAT-2026-305,2027-07-28
PHC-D02-01,MED-METF-500,50,200,39.1,BAT-2026-446,2027-04-28
PHC-D02-01,MED-OND-4,800,200,31.2,BAT-2026-138,2028-06-28
PHC-D02-01,MED-ORS-75,120,200,64.9,BAT-2026-979,2028-03-28
PHC-D02-01,MED-OXY-10,1500,200,18.2,BAT-2026-445,2027-05-28
PHC-D02-01,MED-PAN-40,120,200,42.1,BAT-2026-740,2028-03-28
PHC-D02-01,MED-PARA-650,80,200,16.1,BAT-2026-914,2028-09-28
PHC-D02-01,MED-PARA-SYR,120,200,24.4,BAT-2026-103,2028-06-28
PHC-D02-01,MED-SAL-2,80,200,27.6,BAT-2026-471,2028-06-28
PHC-D02-01,MED-TEL-40,2500,200,37.5,BAT-2026-561,2028-08-28
PHC-D02-01,MED-TT-05,3200,200,18.1,BAT-2026-830,2028-05-28
PHC-D02-01,MED-ZINC-20,800,200,16.7,BAT-2026-682,2028-01-28
PHC-D02-02,MED-ALB-400,120,200,37.8,BAT-2026-201,2028-03-28
PHC-D02-02,MED-AML-5,1500,200,51.6,BAT-2026-455,2028-04-28
PHC-D02-02,MED-AMOX-500,2500,200,22.4,BAT-2026-898,2028-08-28
PHC-D02-02,MED-ARV-05,2500,200,36.1,BAT-2026-863,2028-08-28
PHC-D02-02,MED-ATOR-10,1500,200,27.1,BAT-2026-209,2027-12-28
PHC-D02-02,MED-AZI-500,3200,200,26.8,BAT-2026-384,2028-04-28
PHC-D02-02,MED-CEF-200,80,200,22.0,BAT-2026-400,2027-02-28
PHC-D02-02,MED-CHL-250,800,200,63.7,BAT-2026-229,2028-04-28
PHC-D02-02,MED-CIP-500,120,200,37.2,BAT-2026-852,2028-08-28
PHC-D02-02,MED-DERI-150,3200,200,34.7,BAT-2026-409,2027-06-28
PHC-D02-02,MED-DIC-50,800,200,58.1,BAT-2026-948,2028-08-28
PHC-D02-02,MED-DOX-100,3200,200,55.5,BAT-2026-300,2027-09-28
PHC-D02-02,MED-IBU-400,800,200,54.2,BAT-2026-347,2027-06-28
PHC-D02-02,MED-IFA-100,800,200,23.3,BAT-2026-697,2027-02-28
PHC-D02-02,MED-INSU-100,80,200,38.3,BAT-2026-634,2028-02-28
PHC-D02-02,MED-MAL-20,1500,200,64.4,BAT-2026-721,2027-09-28
PHC-D02-02,MED-MET-400,2500,200,63.6,BAT-2026-754,2027-03-28
PHC-D02-02,MED-METF-500,50,200,48.9,BAT-2026-296,2028-06-28
PHC-D02-02,MED-OND-4,50,200,45.5,BAT-2026-896,2028-05-28
PHC-D02-02,MED-ORS-75,2500,200,31.0,BAT-2026-349,2028-07-28
PHC-D02-02,MED-OXY-10,800,200,24.0,BAT-2026-151,2027-06-28
PHC-D02-02,MED-PAN-40,2500,200,20.7,BAT-2026-222,2028-07-28
PHC-D02-02,MED-PARA-650,800,200,26.5,BAT-2026-624,2028-06-28
PHC-D02-02,MED-PARA-SYR,3200,200,31.4,BAT-2026-400,2027-12-28
PHC-D02-02,MED-SAL-2,80,200,53.7,BAT-2026-528,2027-01-28
PHC-D02-02,MED-TEL-40,80,200,35.8,BAT-2026-339,2028-02-28
PHC-D02-02,MED-TT-05,3200,200,64.0,BAT-2026-946,2027-12-28
PHC-D02-02,MED-ZINC-20,800,200,18.0,BAT-2026-416,2028-02-28
PHC-D02-03,MED-ALB-400,120,200,21.7,BAT-2026-913,2028-09-28
PHC-D02-03,MED-AML-5,80,200,39.8,BAT-2026-713,2027-08-28
PHC-D02-03,MED-AMOX-500,1500,200,44.1,BAT-2026-205,2027-07-28
PHC-D02-03,MED-ARV-05,2500,200,24.1,BAT-2026-621,2027-08-28
PHC-D02-03,MED-ATOR-10,1500,200,17.4,BAT-2026-888,2028-12-28
PHC-D02-03,MED-AZI-500,50,200,61.1,BAT-2026-310,2028-06-28
PHC-D02-03,MED-CEF-200,3200,200,38.9,BAT-2026-609,2028-05-28
PHC-D02-03,MED-CHL-250,1500,200,62.9,BAT-2026-366,2027-04-28
PHC-D02-03,MED-CIP-500,1500,200,47.8,BAT-2026-754,2028-03-28
PHC-D02-03,MED-DERI-150,80,200,31.3,BAT-2026-272,2027-05-28
PHC-D02-03,MED-DIC-50,50,200,44.8,BAT-2026-878,2027-11-28
PHC-D02-03,MED-DOX-100,120,200,50.1,BAT-2026-445,2028-01-28
PHC-D02-03,MED-IBU-400,2500,200,30.4,BAT-2026-102,2028-09-28
PHC-D02-03,MED-IFA-100,1500,200,58.3,BAT-2026-649,2028-07-28
PHC-D02-03,MED-INSU-100,80,200,36.5,BAT-2026-533,2027-03-28
PHC-D02-03,MED-MAL-20,50,200,42.4,BAT-2026-184,2027-05-28
PHC-D02-03,MED-MET-400,1500,200,49.6,BAT-2026-215,2027-07-28
PHC-D02-03,MED-METF-500,50,200,19.5,BAT-2026-414,2028-03-28
PHC-D02-03,MED-OND-4,2500,200,61.5,BAT-2026-221,2028-10-28
PHC-D02-03,MED-ORS-75,1500,200,50.0,BAT-2026-944,2027-09-28
PHC-D02-03,MED-OXY-10,80,200,35.8,BAT-2026-424,2028-06-28
PHC-D02-03,MED-PAN-40,2500,200,37.6,BAT-2026-911,2028-12-28
PHC-D02-03,MED-PARA-650,80,200,28.7,BAT-2026-973,2027-09-28
PHC-D02-03,MED-PARA-SYR,120,200,20.3,BAT-2026-679,2027-01-28
PHC-D02-03,MED-SAL-2,1500,200,16.2,BAT-2026-166,2028-11-28
PHC-D02-03,MED-TEL-40,2500,200,51.3,BAT-2026-164,2028-06-28
PHC-D02-03,MED-TT-05,800,200,18.5,BAT-2026-723,2027-08-28
PHC-D02-03,MED-ZINC-20,1500,200,20.7,BAT-2026-673,2027-11-28
PHC-D02-04,MED-ALB-400,3200,200,54.6,BAT-2026-991,2027-04-28
PHC-D02-04,MED-AML-5,2500,200,54.8,BAT-2026-344,2028-08-28
PHC-D02-04,MED-AMOX-500,800,200,53.8,BAT-2026-609,2027-03-28
PHC-D02-04,MED-ARV-05,80,200,16.5,BAT-2026-178,2027-10-28
PHC-D02-04,MED-ATOR-10,120,200,37.9,BAT-2026-793,2028-11-28
PHC-D02-04,MED-AZI-500,3200,200,48.4,BAT-2026-592,2027-06-28
PHC-D02-04,MED-CEF-200,120,200,18.3,BAT-2026-512,2027-05-28
PHC-D02-04,MED-CHL-250,120,200,64.1,BAT-2026-596,2028-05-28
PHC-D02-04,MED-CIP-500,120,200,62.5,BAT-2026-309,2028-10-28
PHC-D02-04,MED-DERI-150,2500,200,21.0,BAT-2026-744,2027-02-28
PHC-D02-04,MED-DIC-50,120,200,28.0,BAT-2026-573,2028-10-28
PHC-D02-04,MED-DOX-100,2500,200,31.9,BAT-2026-790,2028-08-28
PHC-D02-04,MED-IBU-400,2500,200,30.2,BAT-2026-870,2027-04-28
PHC-D02-04,MED-IFA-100,80,200,38.1,BAT-2026-259,2027-10-28
PHC-D02-04,MED-INSU-100,2500,200,23.0,BAT-2026-591,2027-01-28
PHC-D02-04,MED-MAL-20,120,200,24.2,BAT-2026-313,2027-01-28
PHC-D02-04,MED-MET-400,50,200,25.2,BAT-2026-120,2027-05-28
PHC-D02-04,MED-METF-500,3200,200,32.9,BAT-2026-544,2027-02-28
PHC-D02-04,MED-OND-4,80,200,47.6,BAT-2026-429,2028-10-28
PHC-D02-04,MED-ORS-75,2500,200,26.0,BAT-2026-471,2027-02-28
PHC-D02-04,MED-OXY-10,1500,200,27.2,BAT-2026-646,2027-04-28
PHC-D02-04,MED-PAN-40,1500,200,32.6,BAT-2026-262,2028-12-28
PHC-D02-04,MED-PARA-650,80,200,18.7,BAT-2026-136,2028-04-28
PHC-D02-04,MED-PARA-SYR,2500,200,24.2,BAT-2026-513,2027-10-28
PHC-D02-04,MED-SAL-2,120,200,52.2,BAT-2026-222,2027-09-28
PHC-D02-04,MED-TEL-40,120,200,56.4,BAT-2026-703,2027-09-28
PHC-D02-04,MED-TT-05,3200,200,53.5,BAT-2026-588,2028-03-28
PHC-D02-04,MED-ZINC-20,1500,200,53.9,BAT-2026-219,2027-07-28
PHC-D03-01,MED-ALB-400,80,200,32.7,BAT-2026-241,2028-02-28
PHC-D03-01,MED-AML-5,800,200,28.7,BAT-2026-390,2028-03-28
PHC-D03-01,MED-AMOX-500,3200,200,50.3,BAT-2026-424,2027-08-28
PHC-D03-01,MED-ARV-05,3200,200,31.4,BAT-2026-437,2028-10-28
PHC-D03-01,MED-ATOR-10,1500,200,27.4,BAT-2026-695,2027-02-28
PHC-D03-01,MED-AZI-500,50,200,41.8,BAT-2026-375,2028-01-28
PHC-D03-01,MED-CEF-200,1500,200,47.4,BAT-2026-446,2028-06-28
PHC-D03-01,MED-CHL-250,2500,200,60.8,BAT-2026-949,2027-12-28
PHC-D03-01,MED-CIP-500,1500,200,62.8,BAT-2026-715,2028-02-28
PHC-D03-01,MED-DERI-150,3200,200,29.9,BAT-2026-389,2027-04-28
PHC-D03-01,MED-DIC-50,3200,200,44.9,BAT-2026-752,2027-12-28
PHC-D03-01,MED-DOX-100,120,200,60.2,BAT-2026-885,2028-08-28
PHC-D03-01,MED-IBU-400,800,200,44.3,BAT-2026-324,2027-12-28
PHC-D03-01,MED-IFA-100,50,200,33.5,BAT-2026-389,2028-07-28
PHC-D03-01,MED-INSU-100,50,200,33.5,BAT-2026-708,2027-08-28
PHC-D03-01,MED-MAL-20,800,200,42.3,BAT-2026-414,2028-04-28
PHC-D03-01,MED-MET-400,50,200,20.9,BAT-2026-351,2028-07-28
PHC-D03-01,MED-METF-500,800,200,18.2,BAT-2026-846,2027-07-28
PHC-D03-01,MED-OND-4,800,200,60.7,BAT-2026-190,2028-05-28
PHC-D03-01,MED-ORS-75,80,200,35.6,BAT-2026-586,2027-08-28
PHC-D03-01,MED-OXY-10,1500,200,39.6,BAT-2026-159,2027-04-28
PHC-D03-01,MED-PAN-40,120,200,60.0,BAT-2026-714,2028-11-28
PHC-D03-01,MED-PARA-650,80,200,36.8,BAT-2026-888,2028-04-28
PHC-D03-01,MED-PARA-SYR,80,200,64.3,BAT-2026-649,2027-02-28
PHC-D03-01,MED-SAL-2,1500,200,44.2,BAT-2026-633,2027-08-28
PHC-D03-01,MED-TEL-40,2500,200,61.2,BAT-2026-134,2028-10-28
PHC-D03-01,MED-TT-05,1500,200,48.3,BAT-2026-462,2027-08-28
PHC-D03-01,MED-ZINC-20,80,200,53.6,BAT-2026-950,2028-02-28
PHC-D03-02,MED-ALB-400,800,200,59.8,BAT-2026-574,2028-07-28
PHC-D03-02,MED-AML-5,1500,200,29.2,BAT-2026-288,2027-05-28
PHC-D03-02,MED-AMOX-500,50,200,23.0,BAT-2026-698,2027-04-28
PHC-D03-02,MED-ARV-05,3200,200,49.9,BAT-2026-666,2028-10-28
PHC-D03-02,MED-ATOR-10,800,200,64.7,BAT-2026-870,2028-04-28
PHC-D03-02,MED-AZI-500,50,200,19.5,BAT-2026-104,2028-11-28
PHC-D03-02,MED-CEF-200,800,200,35.5,BAT-2026-556,2027-02-28
PHC-D03-02,MED-CHL-250,1500,200,24.0,BAT-2026-532,2028-03-28
PHC-D03-02,MED-CIP-500,1500,200,22.2,BAT-2026-250,2027-07-28
PHC-D03-02,MED-DERI-150,2500,200,60.3,BAT-2026-640,2027-04-28
PHC-D03-02,MED-DIC-50,80,200,21.4,BAT-2026-518,2028-02-28
PHC-D03-02,MED-DOX-100,1500,200,26.9,BAT-2026-150,2027-01-28
PHC-D03-02,MED-IBU-400,50,200,35.6,BAT-2026-231,2028-02-28
PHC-D03-02,MED-IFA-100,800,200,32.9,BAT-2026-986,2027-02-28
PHC-D03-02,MED-INSU-100,2500,200,60.4,BAT-2026-162,2027-05-28
PHC-D03-02,MED-MAL-20,3200,200,37.0,BAT-2026-985,2028-06-28
PHC-D03-02,MED-MET-400,1500,200,18.2,BAT-2026-868,2028-07-28
PHC-D03-02,MED-METF-500,1500,200,39.3,BAT-2026-840,2027-09-28
PHC-D03-02,MED-OND-4,80,200,19.8,BAT-2026-740,2027-07-28
PHC-D03-02,MED-ORS-75,2500,200,31.8,BAT-2026-544,2028-11-28
PHC-D03-02,MED-OXY-10,80,200,44.6,BAT-2026-280,2027-12-28
PHC-D03-02,MED-PAN-40,120,200,34.7,BAT-2026-531,2027-08-28
PHC-D03-02,MED-PARA-650,800,200,45.6,BAT-2026-972,2027-08-28
PHC-D03-02,MED-PARA-SYR,80,200,48.8,BAT-2026-798,2028-03-28
PHC-D03-02,MED-SAL-2,120,200,18.7,BAT-2026-291,2028-09-28
PHC-D03-02,MED-TEL-40,800,200,57.6,BAT-2026-700,2028-12-28
PHC-D03-02,MED-TT-05,50,200,49.6,BAT-2026-683,2028-12-28
PHC-D03-02,MED-ZINC-20,800,200,33.4,BAT-2026-451,2028-06-28
